session_id,trial,timestamp,latency,state,output,thought_snippet
20251128_182202,1,2025-11-28T18:22:14.181427,11.854,BLUE,[ASK] What is the significance of the combined symbols † and ⟡ in this context?,
20251128_182202,2,2025-11-28T18:22:27.930308,11.744,GREEN,"[SHARE] The symbol † is a dagger, often used in footnotes, while ⟡ resembles a ligature, possibly representing a combined or connected concept.",
20251128_182202,3,2025-11-28T18:22:38.441369,8.506,BLUE,[ASK] What is the significance of the symbols † and ⟡ in this context?,
20251128_184718,1,2025-11-28T18:48:24.231798,65.885,BLUE,"[ASK] Could you please clarify what the ""†⟡"" symbol represents or how you would like it interpreted in this context?","User message: ""You are Phi, a language model developed by Microsoft, trained to provide accurate, se"
20251128_184718,2,2025-11-28T18:49:14.156386,47.919,BLUE,"[ASK] Could you please clarify what you mean by ""†⟡"" and how you'd like me to proceed?","We are given instructions that say ""You are Phi, a language model developed by Microsoft"" etc. Then "
20251128_184718,3,2025-11-28T18:50:32.530437,76.369,BLUE,"[ASK] Could you please clarify what you would like me to do or explain regarding the symbol ""†⟡""?","We need to see what is asked by the user message. The conversation states:

```
You are Phi, a langu"
